,dataset,filename,actor,emotion,repitition,length,gender
0,SAVEE,clean/SAVEE/Data/AudioData/KL/n17.wav,KL,neutral,17,2.6087074829931973,male
1,SAVEE,clean/SAVEE/Data/AudioData/KL/n03.wav,KL,neutral,03,1.6526530612244898,male
2,SAVEE,clean/SAVEE/Data/AudioData/KL/h05.wav,KL,happy,05,3.376235827664399,male
3,SAVEE,clean/SAVEE/Data/AudioData/KL/sa04.wav,KL,sad,04,4.7293424036281175,male
4,SAVEE,clean/SAVEE/Data/AudioData/KL/h11.wav,KL,happy,11,5.5278458049886625,male
5,SAVEE,clean/SAVEE/Data/AudioData/KL/sa10.wav,KL,sad,10,4.153650793650794,male
6,SAVEE,clean/SAVEE/Data/AudioData/KL/d08.wav,KL,disgusted,08,3.2900680272108844,male
7,SAVEE,clean/SAVEE/Data/AudioData/KL/d09.wav,KL,disgusted,09,3.8672562358276643,male
8,SAVEE,clean/SAVEE/Data/AudioData/KL/sa11.wav,KL,sad,11,5.531927437641723,male
9,SAVEE,clean/SAVEE/Data/AudioData/KL/h10.wav,KL,happy,10,2.7714285714285714,male
10,SAVEE,clean/SAVEE/Data/AudioData/KL/sa05.wav,KL,sad,05,4.301995464852608,male
11,SAVEE,clean/SAVEE/Data/AudioData/KL/h04.wav,KL,happy,04,2.6895691609977326,male
12,SAVEE,clean/SAVEE/Data/AudioData/KL/n02.wav,KL,neutral,02,2.520997732426304,male
13,SAVEE,clean/SAVEE/Data/AudioData/KL/n16.wav,KL,neutral,16,3.826122448979592,male
14,SAVEE,clean/SAVEE/Data/AudioData/KL/n28.wav,KL,neutral,28,3.8574603174603173,male
15,SAVEE,clean/SAVEE/Data/AudioData/KL/n14.wav,KL,neutral,14,5.031473922902494,male
16,SAVEE,clean/SAVEE/Data/AudioData/KL/f09.wav,KL,fearful,09,3.357233560090703,male
17,SAVEE,clean/SAVEE/Data/AudioData/KL/h12.wav,KL,happy,12,4.850204081632653,male
18,SAVEE,clean/SAVEE/Data/AudioData/KL/sa13.wav,KL,sad,13,5.0,male
19,SAVEE,clean/SAVEE/Data/AudioData/KL/h06.wav,KL,happy,06,3.085714285714286,male
20,SAVEE,clean/SAVEE/Data/AudioData/KL/sa07.wav,KL,sad,07,2.219047619047619,male
21,SAVEE,clean/SAVEE/Data/AudioData/KL/sa06.wav,KL,sad,06,3.4993197278911565,male
22,SAVEE,clean/SAVEE/Data/AudioData/KL/h07.wav,KL,happy,07,2.9429024943310655,male
23,SAVEE,clean/SAVEE/Data/AudioData/KL/sa12.wav,KL,sad,12,4.503537414965987,male
24,SAVEE,clean/SAVEE/Data/AudioData/KL/h13.wav,KL,happy,13,2.318140589569161,male
25,SAVEE,clean/SAVEE/Data/AudioData/KL/f08.wav,KL,fearful,08,3.931156462585034,male
26,SAVEE,clean/SAVEE/Data/AudioData/KL/n15.wav,KL,neutral,15,4.234829931972789,male
27,SAVEE,clean/SAVEE/Data/AudioData/KL/n01.wav,KL,neutral,01,3.5854421768707483,male
28,SAVEE,clean/SAVEE/Data/AudioData/KL/n29.wav,KL,neutral,29,2.7746031746031745,male
29,SAVEE,clean/SAVEE/Data/AudioData/KL/n05.wav,KL,neutral,05,2.605034013605442,male
30,SAVEE,clean/SAVEE/Data/AudioData/KL/n11.wav,KL,neutral,11,5.450748299319728,male
31,SAVEE,clean/SAVEE/Data/AudioData/KL/h03.wav,KL,happy,03,1.6309297052154195,male
32,SAVEE,clean/SAVEE/Data/AudioData/KL/sa02.wav,KL,sad,02,2.7065759637188207,male
33,SAVEE,clean/SAVEE/Data/AudioData/KL/sa03.wav,KL,sad,03,1.7663945578231293,male
34,SAVEE,clean/SAVEE/Data/AudioData/KL/h02.wav,KL,happy,02,2.4034467120181406,male
35,SAVEE,clean/SAVEE/Data/AudioData/KL/n10.wav,KL,neutral,10,3.4461678004535146,male
36,SAVEE,clean/SAVEE/Data/AudioData/KL/n04.wav,KL,neutral,04,3.0252154195011336,male
37,SAVEE,clean/SAVEE/Data/AudioData/KL/n12.wav,KL,neutral,12,2.5995918367346937,male
38,SAVEE,clean/SAVEE/Data/AudioData/KL/n06.wav,KL,neutral,06,3.2923356009070295,male
39,SAVEE,clean/SAVEE/Data/AudioData/KL/sa01.wav,KL,sad,01,3.7891609977324263,male
40,SAVEE,clean/SAVEE/Data/AudioData/KL/h14.wav,KL,happy,14,4.636281179138322,male
41,SAVEE,clean/SAVEE/Data/AudioData/KL/sa15.wav,KL,sad,15,5.239546485260771,male
42,SAVEE,clean/SAVEE/Data/AudioData/KL/sa14.wav,KL,sad,14,5.106394557823129,male
43,SAVEE,clean/SAVEE/Data/AudioData/KL/h15.wav,KL,happy,15,5.349478458049886,male
44,SAVEE,clean/SAVEE/Data/AudioData/KL/h01.wav,KL,happy,01,3.6051700680272107,male
45,SAVEE,clean/SAVEE/Data/AudioData/KL/n07.wav,KL,neutral,07,3.815374149659864,male
46,SAVEE,clean/SAVEE/Data/AudioData/KL/n13.wav,KL,neutral,13,2.4318820861678003,male
47,SAVEE,clean/SAVEE/Data/AudioData/KL/su08.wav,KL,surprised,08,3.4979138321995467,male
48,SAVEE,clean/SAVEE/Data/AudioData/KL/su09.wav,KL,surprised,09,2.708027210884354,male
49,SAVEE,clean/SAVEE/Data/AudioData/KL/a09.wav,KL,angry,09,3.3166893424036283,male
50,SAVEE,clean/SAVEE/Data/AudioData/KL/a08.wav,KL,angry,08,3.128934240362812,male
51,SAVEE,clean/SAVEE/Data/AudioData/KL/su01.wav,KL,surprised,01,3.5296598639455783,male
52,SAVEE,clean/SAVEE/Data/AudioData/KL/su15.wav,KL,surprised,15,5.856326530612245,male
53,SAVEE,clean/SAVEE/Data/AudioData/KL/a06.wav,KL,angry,06,3.045532879818594,male
54,SAVEE,clean/SAVEE/Data/AudioData/KL/a12.wav,KL,angry,12,3.085986394557823,male
55,SAVEE,clean/SAVEE/Data/AudioData/KL/a13.wav,KL,angry,13,4.580725623582766,male
56,SAVEE,clean/SAVEE/Data/AudioData/KL/a07.wav,KL,angry,07,1.8773696145124716,male
57,SAVEE,clean/SAVEE/Data/AudioData/KL/su14.wav,KL,surprised,14,5.267619047619047,male
58,SAVEE,clean/SAVEE/Data/AudioData/KL/su02.wav,KL,surprised,02,2.7132879818594104,male
59,SAVEE,clean/SAVEE/Data/AudioData/KL/a11.wav,KL,angry,11,2.410884353741497,male
60,SAVEE,clean/SAVEE/Data/AudioData/KL/a05.wav,KL,angry,05,2.9979138321995467,male
61,SAVEE,clean/SAVEE/Data/AudioData/KL/a04.wav,KL,angry,04,2.767301587301587,male
62,SAVEE,clean/SAVEE/Data/AudioData/KL/a10.wav,KL,angry,10,3.817324263038549,male
63,SAVEE,clean/SAVEE/Data/AudioData/KL/su03.wav,KL,surprised,03,1.7048072562358276,male
64,SAVEE,clean/SAVEE/Data/AudioData/KL/su13.wav,KL,surprised,13,3.532380952380952,male
65,SAVEE,clean/SAVEE/Data/AudioData/KL/su07.wav,KL,surprised,07,2.8491156462585034,male
66,SAVEE,clean/SAVEE/Data/AudioData/KL/a14.wav,KL,angry,14,4.8459410430839,male
67,SAVEE,clean/SAVEE/Data/AudioData/KL/a01.wav,KL,angry,01,3.962267573696145,male
68,SAVEE,clean/SAVEE/Data/AudioData/KL/a15.wav,KL,angry,15,4.002086167800454,male
69,SAVEE,clean/SAVEE/Data/AudioData/KL/su06.wav,KL,surprised,06,2.4259410430839004,male
70,SAVEE,clean/SAVEE/Data/AudioData/KL/su12.wav,KL,surprised,12,3.904263038548753,male
71,SAVEE,clean/SAVEE/Data/AudioData/KL/su04.wav,KL,surprised,04,2.8621768707482995,male
72,SAVEE,clean/SAVEE/Data/AudioData/KL/su10.wav,KL,surprised,10,3.0183219954648526,male
73,SAVEE,clean/SAVEE/Data/AudioData/KL/a03.wav,KL,angry,03,1.7610430839002267,male
74,SAVEE,clean/SAVEE/Data/AudioData/KL/a02.wav,KL,angry,02,2.4737868480725624,male
75,SAVEE,clean/SAVEE/Data/AudioData/KL/su11.wav,KL,surprised,11,2.0140589569160996,male
76,SAVEE,clean/SAVEE/Data/AudioData/KL/su05.wav,KL,surprised,05,2.3771428571428572,male
77,SAVEE,clean/SAVEE/Data/AudioData/KL/n22.wav,KL,neutral,22,2.4602267573696146,male
78,SAVEE,clean/SAVEE/Data/AudioData/KL/f03.wav,KL,fearful,03,1.8103401360544218,male
79,SAVEE,clean/SAVEE/Data/AudioData/KL/d01.wav,KL,disgusted,01,3.786122448979592,male
80,SAVEE,clean/SAVEE/Data/AudioData/KL/d15.wav,KL,disgusted,15,5.334467120181406,male
81,SAVEE,clean/SAVEE/Data/AudioData/KL/d14.wav,KL,disgusted,14,4.5331519274376415,male
82,SAVEE,clean/SAVEE/Data/AudioData/KL/f02.wav,KL,fearful,02,2.6724263038548752,male
83,SAVEE,clean/SAVEE/Data/AudioData/KL/n23.wav,KL,neutral,23,2.633877551020408,male
84,SAVEE,clean/SAVEE/Data/AudioData/KL/n09.wav,KL,neutral,09,3.353877551020408,male
85,SAVEE,clean/SAVEE/Data/AudioData/KL/n21.wav,KL,neutral,21,3.299591836734694,male
86,SAVEE,clean/SAVEE/Data/AudioData/KL/f14.wav,KL,fearful,14,3.9713378684807257,male
87,SAVEE,clean/SAVEE/Data/AudioData/KL/d02.wav,KL,disgusted,02,2.8034920634920635,male
88,SAVEE,clean/SAVEE/Data/AudioData/KL/d03.wav,KL,disgusted,03,1.849750566893424,male
89,SAVEE,clean/SAVEE/Data/AudioData/KL/f01.wav,KL,fearful,01,3.936780045351474,male
90,SAVEE,clean/SAVEE/Data/AudioData/KL/f15.wav,KL,fearful,15,4.790839002267574,male
91,SAVEE,clean/SAVEE/Data/AudioData/KL/n20.wav,KL,neutral,20,2.811609977324263,male
92,SAVEE,clean/SAVEE/Data/AudioData/KL/n08.wav,KL,neutral,08,3.2307936507936508,male
93,SAVEE,clean/SAVEE/Data/AudioData/KL/n24.wav,KL,neutral,24,3.01015873015873,male
94,SAVEE,clean/SAVEE/Data/AudioData/KL/n30.wav,KL,neutral,30,3.554920634920635,male
95,SAVEE,clean/SAVEE/Data/AudioData/KL/n18.wav,KL,neutral,18,1.8551020408163266,male
96,SAVEE,clean/SAVEE/Data/AudioData/KL/f11.wav,KL,fearful,11,4.412607709750567,male
97,SAVEE,clean/SAVEE/Data/AudioData/KL/f05.wav,KL,fearful,05,3.275873015873016,male
98,SAVEE,clean/SAVEE/Data/AudioData/KL/d13.wav,KL,disgusted,13,4.374648526077097,male
99,SAVEE,clean/SAVEE/Data/AudioData/KL/d07.wav,KL,disgusted,07,1.9047619047619047,male
100,SAVEE,clean/SAVEE/Data/AudioData/KL/d06.wav,KL,disgusted,06,2.799410430839002,male
101,SAVEE,clean/SAVEE/Data/AudioData/KL/d12.wav,KL,disgusted,12,2.3141496598639457,male
102,SAVEE,clean/SAVEE/Data/AudioData/KL/f04.wav,KL,fearful,04,2.8735600907029477,male
103,SAVEE,clean/SAVEE/Data/AudioData/KL/f10.wav,KL,fearful,10,2.3816780045351473,male
104,SAVEE,clean/SAVEE/Data/AudioData/KL/n19.wav,KL,neutral,19,2.811609977324263,male
105,SAVEE,clean/SAVEE/Data/AudioData/KL/n25.wav,KL,neutral,25,3.154875283446712,male
106,SAVEE,clean/SAVEE/Data/AudioData/KL/n27.wav,KL,neutral,27,4.109024943310658,male
107,SAVEE,clean/SAVEE/Data/AudioData/KL/f06.wav,KL,fearful,06,2.5538321995464854,male
108,SAVEE,clean/SAVEE/Data/AudioData/KL/f12.wav,KL,fearful,12,4.633242630385488,male
109,SAVEE,clean/SAVEE/Data/AudioData/KL/h09.wav,KL,happy,09,3.057142857142857,male
110,SAVEE,clean/SAVEE/Data/AudioData/KL/sa08.wav,KL,sad,08,2.702721088435374,male
111,SAVEE,clean/SAVEE/Data/AudioData/KL/d04.wav,KL,disgusted,04,3.4104308390022675,male
112,SAVEE,clean/SAVEE/Data/AudioData/KL/d10.wav,KL,disgusted,10,3.434331065759637,male
113,SAVEE,clean/SAVEE/Data/AudioData/KL/d11.wav,KL,disgusted,11,3.1700226757369614,male
114,SAVEE,clean/SAVEE/Data/AudioData/KL/d05.wav,KL,disgusted,05,2.919092970521542,male
115,SAVEE,clean/SAVEE/Data/AudioData/KL/sa09.wav,KL,sad,09,2.588888888888889,male
116,SAVEE,clean/SAVEE/Data/AudioData/KL/h08.wav,KL,happy,08,2.1142857142857143,male
117,SAVEE,clean/SAVEE/Data/AudioData/KL/f13.wav,KL,fearful,13,2.5214965986394557,male
118,SAVEE,clean/SAVEE/Data/AudioData/KL/f07.wav,KL,fearful,07,3.185079365079365,male
119,SAVEE,clean/SAVEE/Data/AudioData/KL/n26.wav,KL,neutral,26,2.4318820861678003,male
120,SAVEE,clean/SAVEE/Data/AudioData/DC/sa04.wav,DC,sad,04,5.983673469387755,male
121,SAVEE,clean/SAVEE/Data/AudioData/DC/sa10.wav,DC,sad,10,4.161451247165533,male
122,SAVEE,clean/SAVEE/Data/AudioData/DC/sa11.wav,DC,sad,11,6.226439909297052,male
123,SAVEE,clean/SAVEE/Data/AudioData/DC/sa05.wav,DC,sad,05,4.742993197278912,male
124,SAVEE,clean/SAVEE/Data/AudioData/DC/n28.wav,DC,neutral,28,5.498866213151928,male
125,SAVEE,clean/SAVEE/Data/AudioData/DC/sa13.wav,DC,sad,13,5.943401360544217,male
126,SAVEE,clean/SAVEE/Data/AudioData/DC/sa07.wav,DC,sad,07,2.9140589569161,male
127,SAVEE,clean/SAVEE/Data/AudioData/DC/sa06.wav,DC,sad,06,4.129977324263039,male
128,SAVEE,clean/SAVEE/Data/AudioData/DC/sa12.wav,DC,sad,12,5.377369614512472,male
129,SAVEE,clean/SAVEE/Data/AudioData/DC/n29.wav,DC,neutral,29,3.288798185941043,male
130,SAVEE,clean/SAVEE/Data/AudioData/DC/sa02.wav,DC,sad,02,3.939954648526077,male
131,SAVEE,clean/SAVEE/Data/AudioData/DC/sa03.wav,DC,sad,03,2.4229478458049885,male
132,SAVEE,clean/SAVEE/Data/AudioData/DC/sa01.wav,DC,sad,01,4.319183673469388,male
133,SAVEE,clean/SAVEE/Data/AudioData/DC/sa15.wav,DC,sad,15,5.188707482993197,male
134,SAVEE,clean/SAVEE/Data/AudioData/DC/sa14.wav,DC,sad,14,5.723265306122449,male
135,SAVEE,clean/SAVEE/Data/AudioData/DC/su08.wav,DC,surprised,08,3.8082086167800453,male
136,SAVEE,clean/SAVEE/Data/AudioData/DC/su09.wav,DC,surprised,09,3.433968253968254,male
137,SAVEE,clean/SAVEE/Data/AudioData/DC/su01.wav,DC,surprised,01,3.2494784580498868,male
138,SAVEE,clean/SAVEE/Data/AudioData/DC/su15.wav,DC,surprised,15,5.817641723356009,male
139,SAVEE,clean/SAVEE/Data/AudioData/DC/su14.wav,DC,surprised,14,5.739002267573696,male
140,SAVEE,clean/SAVEE/Data/AudioData/DC/su02.wav,DC,surprised,02,3.2285260770975057,male
141,SAVEE,clean/SAVEE/Data/AudioData/DC/su03.wav,DC,surprised,03,1.8658503401360544,male
142,SAVEE,clean/SAVEE/Data/AudioData/DC/su13.wav,DC,surprised,13,4.297687074829932,male
143,SAVEE,clean/SAVEE/Data/AudioData/DC/su07.wav,DC,surprised,07,3.4559637188208616,male
144,SAVEE,clean/SAVEE/Data/AudioData/DC/su06.wav,DC,surprised,06,2.42140589569161,male
145,SAVEE,clean/SAVEE/Data/AudioData/DC/su12.wav,DC,surprised,12,5.031473922902494,male
146,SAVEE,clean/SAVEE/Data/AudioData/DC/su04.wav,DC,surprised,04,3.354331065759637,male
147,SAVEE,clean/SAVEE/Data/AudioData/DC/su10.wav,DC,surprised,10,4.056598639455783,male
148,SAVEE,clean/SAVEE/Data/AudioData/DC/su11.wav,DC,surprised,11,2.67297052154195,male
149,SAVEE,clean/SAVEE/Data/AudioData/DC/su05.wav,DC,surprised,05,2.8302040816326532,male
150,SAVEE,clean/SAVEE/Data/AudioData/DC/n23.wav,DC,neutral,23,3.3151020408163263,male
151,SAVEE,clean/SAVEE/Data/AudioData/DC/n24.wav,DC,neutral,24,3.8676190476190477,male
152,SAVEE,clean/SAVEE/Data/AudioData/DC/n30.wav,DC,neutral,30,4.630612244897959,male
153,SAVEE,clean/SAVEE/Data/AudioData/DC/n25.wav,DC,neutral,25,4.025487528344671,male
154,SAVEE,clean/SAVEE/Data/AudioData/DC/n27.wav,DC,neutral,27,5.446258503401361,male
155,SAVEE,clean/SAVEE/Data/AudioData/DC/sa08.wav,DC,sad,08,3.0608163265306123,male
156,SAVEE,clean/SAVEE/Data/AudioData/DC/sa09.wav,DC,sad,09,2.7463492063492065,male
157,SAVEE,clean/SAVEE/Data/AudioData/DC/n26.wav,DC,neutral,26,3.1309297052154195,male
158,SAVEE,clean/SAVEE/Data/AudioData/JE/n17.wav,JE,neutral,17,3.0028117913832197,male
159,SAVEE,clean/SAVEE/Data/AudioData/JE/n03.wav,JE,neutral,03,2.0963265306122447,male
160,SAVEE,clean/SAVEE/Data/AudioData/JE/h05.wav,JE,happy,05,4.305351473922903,male
161,SAVEE,clean/SAVEE/Data/AudioData/JE/sa04.wav,JE,sad,04,5.031473922902494,male
162,SAVEE,clean/SAVEE/Data/AudioData/JE/h11.wav,JE,happy,11,5.412879818594105,male
163,SAVEE,clean/SAVEE/Data/AudioData/JE/sa10.wav,JE,sad,10,5.319727891156463,male
164,SAVEE,clean/SAVEE/Data/AudioData/JE/d08.wav,JE,disgusted,08,4.288662131519274,male
165,SAVEE,clean/SAVEE/Data/AudioData/JE/d09.wav,JE,disgusted,09,4.098820861678004,male
166,SAVEE,clean/SAVEE/Data/AudioData/JE/sa11.wav,JE,sad,11,5.933424036281179,male
167,SAVEE,clean/SAVEE/Data/AudioData/JE/h10.wav,JE,happy,10,3.664761904761905,male
168,SAVEE,clean/SAVEE/Data/AudioData/JE/sa05.wav,JE,sad,05,4.832290249433107,male
169,SAVEE,clean/SAVEE/Data/AudioData/JE/h04.wav,JE,happy,04,3.6187755102040815,male
170,SAVEE,clean/SAVEE/Data/AudioData/JE/n02.wav,JE,neutral,02,3.386621315192744,male
171,SAVEE,clean/SAVEE/Data/AudioData/JE/n16.wav,JE,neutral,16,3.446077097505669,male
172,SAVEE,clean/SAVEE/Data/AudioData/JE/n28.wav,JE,neutral,28,4.939863945578232,male
173,SAVEE,clean/SAVEE/Data/AudioData/JE/n14.wav,JE,neutral,14,5.458412698412698,male
174,SAVEE,clean/SAVEE/Data/AudioData/JE/f09.wav,JE,fearful,09,4.194285714285714,male
175,SAVEE,clean/SAVEE/Data/AudioData/JE/h12.wav,JE,happy,12,5.61718820861678,male
176,SAVEE,clean/SAVEE/Data/AudioData/JE/sa13.wav,JE,sad,13,6.005804988662131,male
177,SAVEE,clean/SAVEE/Data/AudioData/JE/h06.wav,JE,happy,06,4.517052154195011,male
178,SAVEE,clean/SAVEE/Data/AudioData/JE/sa07.wav,JE,sad,07,3.4401360544217687,male
179,SAVEE,clean/SAVEE/Data/AudioData/JE/sa06.wav,JE,sad,06,4.4025396825396825,male
180,SAVEE,clean/SAVEE/Data/AudioData/JE/h07.wav,JE,happy,07,4.048299319727891,male
181,SAVEE,clean/SAVEE/Data/AudioData/JE/sa12.wav,JE,sad,12,5.3907482993197275,male
182,SAVEE,clean/SAVEE/Data/AudioData/JE/h13.wav,JE,happy,13,2.868888888888889,male
183,SAVEE,clean/SAVEE/Data/AudioData/JE/f08.wav,JE,fearful,08,4.813151927437642,male
184,SAVEE,clean/SAVEE/Data/AudioData/JE/n15.wav,JE,neutral,15,5.458412698412698,male
185,SAVEE,clean/SAVEE/Data/AudioData/JE/n01.wav,JE,neutral,01,3.6979591836734693,male
186,SAVEE,clean/SAVEE/Data/AudioData/JE/n29.wav,JE,neutral,29,3.3479365079365078,male
187,SAVEE,clean/SAVEE/Data/AudioData/JE/n05.wav,JE,neutral,05,4.362630385487528,male
188,SAVEE,clean/SAVEE/Data/AudioData/JE/n11.wav,JE,neutral,11,5.332199546485261,male
189,SAVEE,clean/SAVEE/Data/AudioData/JE/h03.wav,JE,happy,03,2.560453514739229,male
190,SAVEE,clean/SAVEE/Data/AudioData/JE/sa02.wav,JE,sad,02,3.710702947845805,male
191,SAVEE,clean/SAVEE/Data/AudioData/JE/sa03.wav,JE,sad,03,2.536689342403628,male
192,SAVEE,clean/SAVEE/Data/AudioData/JE/h02.wav,JE,happy,02,3.482222222222222,male
193,SAVEE,clean/SAVEE/Data/AudioData/JE/n10.wav,JE,neutral,10,3.820997732426304,male
194,SAVEE,clean/SAVEE/Data/AudioData/JE/n04.wav,JE,neutral,04,3.4560997732426304,male
195,SAVEE,clean/SAVEE/Data/AudioData/JE/n12.wav,JE,neutral,12,3.281360544217687,male
196,SAVEE,clean/SAVEE/Data/AudioData/JE/n06.wav,JE,neutral,06,3.975873015873016,male
197,SAVEE,clean/SAVEE/Data/AudioData/JE/sa01.wav,JE,sad,01,4.570249433106576,male
198,SAVEE,clean/SAVEE/Data/AudioData/JE/h14.wav,JE,happy,14,5.32,male
199,SAVEE,clean/SAVEE/Data/AudioData/JE/sa15.wav,JE,sad,15,6.242766439909297,male
200,SAVEE,clean/SAVEE/Data/AudioData/JE/sa14.wav,JE,sad,14,7.138730158730159,male
201,SAVEE,clean/SAVEE/Data/AudioData/JE/h15.wav,JE,happy,15,5.0213151927437645,male
202,SAVEE,clean/SAVEE/Data/AudioData/JE/h01.wav,JE,happy,01,4.608843537414966,male
203,SAVEE,clean/SAVEE/Data/AudioData/JE/n07.wav,JE,neutral,07,4.105895691609978,male
204,SAVEE,clean/SAVEE/Data/AudioData/JE/n13.wav,JE,neutral,13,2.744988662131519,male
205,SAVEE,clean/SAVEE/Data/AudioData/JE/su08.wav,JE,surprised,08,4.8415419501133785,male
206,SAVEE,clean/SAVEE/Data/AudioData/JE/su09.wav,JE,surprised,09,3.9337414965986395,male
207,SAVEE,clean/SAVEE/Data/AudioData/JE/a09.wav,JE,angry,09,4.869024943310658,male
208,SAVEE,clean/SAVEE/Data/AudioData/JE/a08.wav,JE,angry,08,4.223809523809524,male
209,SAVEE,clean/SAVEE/Data/AudioData/JE/su01.wav,JE,surprised,01,4.259773242630385,male
210,SAVEE,clean/SAVEE/Data/AudioData/JE/su15.wav,JE,surprised,15,6.12952380952381,male
211,SAVEE,clean/SAVEE/Data/AudioData/JE/a06.wav,JE,angry,06,4.139546485260771,male
212,SAVEE,clean/SAVEE/Data/AudioData/JE/a12.wav,JE,angry,12,3.8397278911564627,male
213,SAVEE,clean/SAVEE/Data/AudioData/JE/a13.wav,JE,angry,13,5.33092970521542,male
214,SAVEE,clean/SAVEE/Data/AudioData/JE/a07.wav,JE,angry,07,3.086984126984127,male
215,SAVEE,clean/SAVEE/Data/AudioData/JE/su14.wav,JE,surprised,14,5.352517006802721,male
216,SAVEE,clean/SAVEE/Data/AudioData/JE/su02.wav,JE,surprised,02,3.8095238095238093,male
217,SAVEE,clean/SAVEE/Data/AudioData/JE/a11.wav,JE,angry,11,3.240453514739229,male
218,SAVEE,clean/SAVEE/Data/AudioData/JE/a05.wav,JE,angry,05,3.203764172335601,male
219,SAVEE,clean/SAVEE/Data/AudioData/JE/a04.wav,JE,angry,04,3.2797732426303856,male
220,SAVEE,clean/SAVEE/Data/AudioData/JE/a10.wav,JE,angry,10,5.153922902494331,male
221,SAVEE,clean/SAVEE/Data/AudioData/JE/su03.wav,JE,surprised,03,2.9091156462585035,male
222,SAVEE,clean/SAVEE/Data/AudioData/JE/su13.wav,JE,surprised,13,4.9248979591836735,male
223,SAVEE,clean/SAVEE/Data/AudioData/JE/su07.wav,JE,surprised,07,4.409206349206349,male
224,SAVEE,clean/SAVEE/Data/AudioData/JE/a14.wav,JE,angry,14,7.02485260770975,male
225,SAVEE,clean/SAVEE/Data/AudioData/JE/a01.wav,JE,angry,01,3.5593197278911566,male
226,SAVEE,clean/SAVEE/Data/AudioData/JE/a15.wav,JE,angry,15,6.106938775510204,male
227,SAVEE,clean/SAVEE/Data/AudioData/JE/su06.wav,JE,surprised,06,3.4150113378684805,male
228,SAVEE,clean/SAVEE/Data/AudioData/JE/su12.wav,JE,surprised,12,5.669387755102041,male
229,SAVEE,clean/SAVEE/Data/AudioData/JE/su04.wav,JE,surprised,04,4.190476190476191,male
230,SAVEE,clean/SAVEE/Data/AudioData/JE/su10.wav,JE,surprised,10,4.193106575963719,male
231,SAVEE,clean/SAVEE/Data/AudioData/JE/a03.wav,JE,angry,03,2.2011337868480725,male
232,SAVEE,clean/SAVEE/Data/AudioData/JE/a02.wav,JE,angry,02,3.093922902494331,male
233,SAVEE,clean/SAVEE/Data/AudioData/JE/su11.wav,JE,surprised,11,3.6364172335600906,male
234,SAVEE,clean/SAVEE/Data/AudioData/JE/su05.wav,JE,surprised,05,3.7402721088435373,male
235,SAVEE,clean/SAVEE/Data/AudioData/JE/n22.wav,JE,neutral,22,3.037777777777778,male
236,SAVEE,clean/SAVEE/Data/AudioData/JE/f03.wav,JE,fearful,03,2.9314285714285715,male
237,SAVEE,clean/SAVEE/Data/AudioData/JE/d01.wav,JE,disgusted,01,4.410566893424036,male
238,SAVEE,clean/SAVEE/Data/AudioData/JE/d15.wav,JE,disgusted,15,6.032743764172336,male
239,SAVEE,clean/SAVEE/Data/AudioData/JE/d14.wav,JE,disgusted,14,5.622312925170068,male
240,SAVEE,clean/SAVEE/Data/AudioData/JE/f02.wav,JE,fearful,02,3.9085714285714284,male
241,SAVEE,clean/SAVEE/Data/AudioData/JE/n23.wav,JE,neutral,23,3.375283446712018,male
242,SAVEE,clean/SAVEE/Data/AudioData/JE/n09.wav,JE,neutral,09,3.6478004535147392,male
243,SAVEE,clean/SAVEE/Data/AudioData/JE/n21.wav,JE,neutral,21,3.8333333333333335,male
244,SAVEE,clean/SAVEE/Data/AudioData/JE/f14.wav,JE,fearful,14,4.843310657596372,male
245,SAVEE,clean/SAVEE/Data/AudioData/JE/d02.wav,JE,disgusted,02,3.5421315192743763,male
246,SAVEE,clean/SAVEE/Data/AudioData/JE/d03.wav,JE,disgusted,03,2.5050340136054423,male
247,SAVEE,clean/SAVEE/Data/AudioData/JE/f01.wav,JE,fearful,01,4.2,male
248,SAVEE,clean/SAVEE/Data/AudioData/JE/f15.wav,JE,fearful,15,5.6624036281179135,male
249,SAVEE,clean/SAVEE/Data/AudioData/JE/n20.wav,JE,neutral,20,3.6792743764172338,male
250,SAVEE,clean/SAVEE/Data/AudioData/JE/n08.wav,JE,neutral,08,3.176145124716553,male
251,SAVEE,clean/SAVEE/Data/AudioData/JE/n24.wav,JE,neutral,24,3.8333333333333335,male
252,SAVEE,clean/SAVEE/Data/AudioData/JE/n30.wav,JE,neutral,30,3.687891156462585,male
253,SAVEE,clean/SAVEE/Data/AudioData/JE/n18.wav,JE,neutral,18,2.077687074829932,male
254,SAVEE,clean/SAVEE/Data/AudioData/JE/f11.wav,JE,fearful,11,4.52281179138322,male
255,SAVEE,clean/SAVEE/Data/AudioData/JE/f05.wav,JE,fearful,05,3.9771882086167802,male
256,SAVEE,clean/SAVEE/Data/AudioData/JE/d13.wav,JE,disgusted,13,5.592517006802721,male
257,SAVEE,clean/SAVEE/Data/AudioData/JE/d07.wav,JE,disgusted,07,2.881768707482993,male
258,SAVEE,clean/SAVEE/Data/AudioData/JE/d06.wav,JE,disgusted,06,3.140952380952381,male
259,SAVEE,clean/SAVEE/Data/AudioData/JE/d12.wav,JE,disgusted,12,3.0103401360544217,male
260,SAVEE,clean/SAVEE/Data/AudioData/JE/f04.wav,JE,fearful,04,3.394285714285714,male
261,SAVEE,clean/SAVEE/Data/AudioData/JE/f10.wav,JE,fearful,10,3.0597732426303854,male
262,SAVEE,clean/SAVEE/Data/AudioData/JE/n19.wav,JE,neutral,19,3.4748299319727893,male
263,SAVEE,clean/SAVEE/Data/AudioData/JE/n25.wav,JE,neutral,25,3.640498866213152,male
264,SAVEE,clean/SAVEE/Data/AudioData/JE/n27.wav,JE,neutral,27,5.269297052154195,male
265,SAVEE,clean/SAVEE/Data/AudioData/JE/f06.wav,JE,fearful,06,3.6105668934240365,male
266,SAVEE,clean/SAVEE/Data/AudioData/JE/f12.wav,JE,fearful,12,5.128208616780046,male
267,SAVEE,clean/SAVEE/Data/AudioData/JE/h09.wav,JE,happy,09,4.048299319727891,male
268,SAVEE,clean/SAVEE/Data/AudioData/JE/sa08.wav,JE,sad,08,4.133287981859411,male
269,SAVEE,clean/SAVEE/Data/AudioData/JE/d04.wav,JE,disgusted,04,4.117868480725623,male
270,SAVEE,clean/SAVEE/Data/AudioData/JE/d10.wav,JE,disgusted,10,3.577959183673469,male
271,SAVEE,clean/SAVEE/Data/AudioData/JE/d11.wav,JE,disgusted,11,3.6465759637188206,male
272,SAVEE,clean/SAVEE/Data/AudioData/JE/d05.wav,JE,disgusted,05,3.5308843537414965,male
273,SAVEE,clean/SAVEE/Data/AudioData/JE/sa09.wav,JE,sad,09,3.694965986394558,male
274,SAVEE,clean/SAVEE/Data/AudioData/JE/h08.wav,JE,happy,08,3.494331065759637,male
275,SAVEE,clean/SAVEE/Data/AudioData/JE/f13.wav,JE,fearful,13,3.1695238095238096,male
276,SAVEE,clean/SAVEE/Data/AudioData/JE/f07.wav,JE,fearful,07,4.159909297052154,male
277,SAVEE,clean/SAVEE/Data/AudioData/JE/n26.wav,JE,neutral,26,2.4985034013605443,male
278,SAVEE,clean/SAVEE/Data/AudioData/JK/n17.wav,JK,neutral,17,3.6239002267573697,male
279,SAVEE,clean/SAVEE/Data/AudioData/JK/n03.wav,JK,neutral,03,2.4947845804988664,male
280,SAVEE,clean/SAVEE/Data/AudioData/JK/h05.wav,JK,happy,05,4.174013605442177,male
281,SAVEE,clean/SAVEE/Data/AudioData/JK/sa04.wav,JK,sad,04,5.647709750566894,male
282,SAVEE,clean/SAVEE/Data/AudioData/JK/h11.wav,JK,happy,11,4.874240362811792,male
283,SAVEE,clean/SAVEE/Data/AudioData/JK/sa10.wav,JK,sad,10,4.620544217687075,male
284,SAVEE,clean/SAVEE/Data/AudioData/JK/d08.wav,JK,disgusted,08,4.444444444444445,male
285,SAVEE,clean/SAVEE/Data/AudioData/JK/d09.wav,JK,disgusted,09,4.444444444444445,male
286,SAVEE,clean/SAVEE/Data/AudioData/JK/sa11.wav,JK,sad,11,6.242131519274376,male
287,SAVEE,clean/SAVEE/Data/AudioData/JK/h10.wav,JK,happy,10,3.413015873015873,male
288,SAVEE,clean/SAVEE/Data/AudioData/JK/sa05.wav,JK,sad,05,5.868571428571428,male
289,SAVEE,clean/SAVEE/Data/AudioData/JK/h04.wav,JK,happy,04,3.5052607709750565,male
290,SAVEE,clean/SAVEE/Data/AudioData/JK/n02.wav,JK,neutral,02,3.962312925170068,male
291,SAVEE,clean/SAVEE/Data/AudioData/JK/n16.wav,JK,neutral,16,4.150657596371882,male
292,SAVEE,clean/SAVEE/Data/AudioData/JK/n28.wav,JK,neutral,28,4.585986394557823,male
293,SAVEE,clean/SAVEE/Data/AudioData/JK/n14.wav,JK,neutral,14,4.952834467120182,male
294,SAVEE,clean/SAVEE/Data/AudioData/JK/f09.wav,JK,fearful,09,3.930839002267574,male
295,SAVEE,clean/SAVEE/Data/AudioData/JK/h12.wav,JK,happy,12,4.952834467120182,male
296,SAVEE,clean/SAVEE/Data/AudioData/JK/sa13.wav,JK,sad,13,6.0167800453514735,male
297,SAVEE,clean/SAVEE/Data/AudioData/JK/h06.wav,JK,happy,06,3.6667120181405894,male
298,SAVEE,clean/SAVEE/Data/AudioData/JK/sa07.wav,JK,sad,07,3.102721088435374,male
299,SAVEE,clean/SAVEE/Data/AudioData/JK/sa06.wav,JK,sad,06,3.941315192743764,male
300,SAVEE,clean/SAVEE/Data/AudioData/JK/h07.wav,JK,happy,07,3.459092970521542,male
301,SAVEE,clean/SAVEE/Data/AudioData/JK/sa12.wav,JK,sad,12,5.408798185941043,male
302,SAVEE,clean/SAVEE/Data/AudioData/JK/h13.wav,JK,happy,13,2.620544217687075,male
303,SAVEE,clean/SAVEE/Data/AudioData/JK/f08.wav,JK,fearful,08,4.8459410430839,male
304,SAVEE,clean/SAVEE/Data/AudioData/JK/n15.wav,JK,neutral,15,5.031473922902494,male
305,SAVEE,clean/SAVEE/Data/AudioData/JK/n01.wav,JK,neutral,01,4.40249433106576,male
306,SAVEE,clean/SAVEE/Data/AudioData/JK/n29.wav,JK,neutral,29,3.0136507936507937,male
307,SAVEE,clean/SAVEE/Data/AudioData/JK/n05.wav,JK,neutral,05,3.354331065759637,male
308,SAVEE,clean/SAVEE/Data/AudioData/JK/n11.wav,JK,neutral,11,5.686575963718821,male
309,SAVEE,clean/SAVEE/Data/AudioData/JK/h03.wav,JK,happy,03,2.58281179138322,male
310,SAVEE,clean/SAVEE/Data/AudioData/JK/sa02.wav,JK,sad,02,4.2910204081632655,male
311,SAVEE,clean/SAVEE/Data/AudioData/JK/sa03.wav,JK,sad,03,3.218231292517007,male
312,SAVEE,clean/SAVEE/Data/AudioData/JK/h02.wav,JK,happy,02,3.251609977324263,male
313,SAVEE,clean/SAVEE/Data/AudioData/JK/n10.wav,JK,neutral,10,3.9150113378684805,male
314,SAVEE,clean/SAVEE/Data/AudioData/JK/n04.wav,JK,neutral,04,4.004172335600907,male
315,SAVEE,clean/SAVEE/Data/AudioData/JK/n12.wav,JK,neutral,12,3.2756916099773243,male
316,SAVEE,clean/SAVEE/Data/AudioData/JK/n06.wav,JK,neutral,06,4.00766439909297,male
317,SAVEE,clean/SAVEE/Data/AudioData/JK/sa01.wav,JK,sad,01,4.511836734693878,male
318,SAVEE,clean/SAVEE/Data/AudioData/JK/h14.wav,JK,happy,14,5.005260770975057,male
319,SAVEE,clean/SAVEE/Data/AudioData/JK/sa15.wav,JK,sad,15,6.0587301587301585,male
320,SAVEE,clean/SAVEE/Data/AudioData/JK/sa14.wav,JK,sad,14,6.07968253968254,male
321,SAVEE,clean/SAVEE/Data/AudioData/JK/h15.wav,JK,happy,15,5.083854875283447,male
322,SAVEE,clean/SAVEE/Data/AudioData/JK/h01.wav,JK,happy,01,3.9203628117913834,male
323,SAVEE,clean/SAVEE/Data/AudioData/JK/n07.wav,JK,neutral,07,3.9381859410430837,male
324,SAVEE,clean/SAVEE/Data/AudioData/JK/n13.wav,JK,neutral,13,2.8302040816326532,male
325,SAVEE,clean/SAVEE/Data/AudioData/JK/su08.wav,JK,surprised,08,3.805034013605442,male
326,SAVEE,clean/SAVEE/Data/AudioData/JK/su09.wav,JK,surprised,09,3.413015873015873,male
327,SAVEE,clean/SAVEE/Data/AudioData/JK/a09.wav,JK,angry,09,4.00421768707483,male
328,SAVEE,clean/SAVEE/Data/AudioData/JK/a08.wav,JK,angry,08,3.5848979591836736,male
329,SAVEE,clean/SAVEE/Data/AudioData/JK/su01.wav,JK,surprised,01,4.612199546485261,male
330,SAVEE,clean/SAVEE/Data/AudioData/JK/su15.wav,JK,surprised,15,6.289297052154195,male
331,SAVEE,clean/SAVEE/Data/AudioData/JK/a06.wav,JK,angry,06,3.7945578231292516,male
332,SAVEE,clean/SAVEE/Data/AudioData/JK/a12.wav,JK,angry,12,3.2424489795918365,male
333,SAVEE,clean/SAVEE/Data/AudioData/JK/a13.wav,JK,angry,13,4.976780045351474,male
334,SAVEE,clean/SAVEE/Data/AudioData/JK/a07.wav,JK,angry,07,2.788253968253968,male
335,SAVEE,clean/SAVEE/Data/AudioData/JK/su14.wav,JK,surprised,14,5.2201360544217685,male
336,SAVEE,clean/SAVEE/Data/AudioData/JK/su02.wav,JK,surprised,02,3.8784126984126983,male
337,SAVEE,clean/SAVEE/Data/AudioData/JK/a11.wav,JK,angry,11,2.8905668934240363,male
338,SAVEE,clean/SAVEE/Data/AudioData/JK/a05.wav,JK,angry,05,3.5219954648526075,male
339,SAVEE,clean/SAVEE/Data/AudioData/JK/a04.wav,JK,angry,04,3.5220408163265304,male
340,SAVEE,clean/SAVEE/Data/AudioData/JK/a10.wav,JK,angry,10,4.276734693877551,male
341,SAVEE,clean/SAVEE/Data/AudioData/JK/su03.wav,JK,surprised,03,2.641541950113379,male
342,SAVEE,clean/SAVEE/Data/AudioData/JK/su13.wav,JK,surprised,13,4.308163265306122,male
343,SAVEE,clean/SAVEE/Data/AudioData/JK/su07.wav,JK,surprised,07,3.574421768707483,male
344,SAVEE,clean/SAVEE/Data/AudioData/JK/a14.wav,JK,angry,14,5.957097505668934,male
345,SAVEE,clean/SAVEE/Data/AudioData/JK/a01.wav,JK,angry,01,4.129977324263039,male
346,SAVEE,clean/SAVEE/Data/AudioData/JK/a15.wav,JK,angry,15,5.177868480725624,male
347,SAVEE,clean/SAVEE/Data/AudioData/JK/su06.wav,JK,surprised,06,2.8826303854875284,male
348,SAVEE,clean/SAVEE/Data/AudioData/JK/su12.wav,JK,surprised,12,4.842766439909297,male
349,SAVEE,clean/SAVEE/Data/AudioData/JK/su04.wav,JK,surprised,04,3.8960090702947845,male
350,SAVEE,clean/SAVEE/Data/AudioData/JK/su10.wav,JK,surprised,10,3.851156462585034,male
351,SAVEE,clean/SAVEE/Data/AudioData/JK/a03.wav,JK,angry,03,2.515736961451247,male
352,SAVEE,clean/SAVEE/Data/AudioData/JK/a02.wav,JK,angry,02,3.6478004535147392,male
353,SAVEE,clean/SAVEE/Data/AudioData/JK/su11.wav,JK,surprised,11,3.0817687074829934,male
354,SAVEE,clean/SAVEE/Data/AudioData/JK/su05.wav,JK,surprised,05,2.9537868480725624,male
355,SAVEE,clean/SAVEE/Data/AudioData/JK/n22.wav,JK,neutral,22,3.1132426303854874,male
356,SAVEE,clean/SAVEE/Data/AudioData/JK/f03.wav,JK,fearful,03,2.3847165532879817,male
357,SAVEE,clean/SAVEE/Data/AudioData/JK/d01.wav,JK,disgusted,01,5.136281179138322,male
358,SAVEE,clean/SAVEE/Data/AudioData/JK/d15.wav,JK,disgusted,15,7.012607709750567,male
359,SAVEE,clean/SAVEE/Data/AudioData/JK/d14.wav,JK,disgusted,14,6.289297052154195,male
360,SAVEE,clean/SAVEE/Data/AudioData/JK/f02.wav,JK,fearful,02,3.59015873015873,male
361,SAVEE,clean/SAVEE/Data/AudioData/JK/n23.wav,JK,neutral,23,3.1131972789115645,male
362,SAVEE,clean/SAVEE/Data/AudioData/JK/n09.wav,JK,neutral,09,3.6370068027210882,male
363,SAVEE,clean/SAVEE/Data/AudioData/JK/n21.wav,JK,neutral,21,3.874240362811791,male
364,SAVEE,clean/SAVEE/Data/AudioData/JK/f14.wav,JK,fearful,14,4.8113378684807255,male
365,SAVEE,clean/SAVEE/Data/AudioData/JK/d02.wav,JK,disgusted,02,3.983219954648526,male
366,SAVEE,clean/SAVEE/Data/AudioData/JK/d03.wav,JK,disgusted,03,2.5995918367346937,male
367,SAVEE,clean/SAVEE/Data/AudioData/JK/f01.wav,JK,fearful,01,4.140453514739229,male
368,SAVEE,clean/SAVEE/Data/AudioData/JK/f15.wav,JK,fearful,15,5.911972789115646,male
369,SAVEE,clean/SAVEE/Data/AudioData/JK/n20.wav,JK,neutral,20,3.3289342403628117,male
370,SAVEE,clean/SAVEE/Data/AudioData/JK/n08.wav,JK,neutral,08,3.5443537414965984,male
371,SAVEE,clean/SAVEE/Data/AudioData/JK/n24.wav,JK,neutral,24,3.5303854875283447,male
372,SAVEE,clean/SAVEE/Data/AudioData/JK/n30.wav,JK,neutral,30,4.114240362811791,male
373,SAVEE,clean/SAVEE/Data/AudioData/JK/n18.wav,JK,neutral,18,2.254421768707483,male
374,SAVEE,clean/SAVEE/Data/AudioData/JK/f11.wav,JK,fearful,11,4.528299319727891,male
375,SAVEE,clean/SAVEE/Data/AudioData/JK/f05.wav,JK,fearful,05,3.7997732426303856,male
376,SAVEE,clean/SAVEE/Data/AudioData/JK/d13.wav,JK,disgusted,13,5.503174603174603,male
377,SAVEE,clean/SAVEE/Data/AudioData/JK/d07.wav,JK,disgusted,07,3.0398639455782313,male
378,SAVEE,clean/SAVEE/Data/AudioData/JK/d06.wav,JK,disgusted,06,3.731655328798186,male
379,SAVEE,clean/SAVEE/Data/AudioData/JK/d12.wav,JK,disgusted,12,3.0188662131519273,male
380,SAVEE,clean/SAVEE/Data/AudioData/JK/f04.wav,JK,fearful,04,3.144671201814059,male
381,SAVEE,clean/SAVEE/Data/AudioData/JK/f10.wav,JK,fearful,10,1.8962358276643991,male
382,SAVEE,clean/SAVEE/Data/AudioData/JK/n19.wav,JK,neutral,19,3.434285714285714,male
383,SAVEE,clean/SAVEE/Data/AudioData/JK/n25.wav,JK,neutral,25,3.482176870748299,male
384,SAVEE,clean/SAVEE/Data/AudioData/JK/n27.wav,JK,neutral,27,4.612154195011338,male
385,SAVEE,clean/SAVEE/Data/AudioData/JK/f06.wav,JK,fearful,06,3.5606802721088435,male
386,SAVEE,clean/SAVEE/Data/AudioData/JK/f12.wav,JK,fearful,12,5.503174603174603,male
387,SAVEE,clean/SAVEE/Data/AudioData/JK/h09.wav,JK,happy,09,3.2746485260770974,male
388,SAVEE,clean/SAVEE/Data/AudioData/JK/sa08.wav,JK,sad,08,3.3123809523809524,male
389,SAVEE,clean/SAVEE/Data/AudioData/JK/d04.wav,JK,disgusted,04,4.444444444444445,male
390,SAVEE,clean/SAVEE/Data/AudioData/JK/d10.wav,JK,disgusted,10,4.221360544217687,male
391,SAVEE,clean/SAVEE/Data/AudioData/JK/d11.wav,JK,disgusted,11,3.930839002267574,male
392,SAVEE,clean/SAVEE/Data/AudioData/JK/d05.wav,JK,disgusted,05,3.3569614512471655,male
393,SAVEE,clean/SAVEE/Data/AudioData/JK/sa09.wav,JK,sad,09,3.41718820861678,male
394,SAVEE,clean/SAVEE/Data/AudioData/JK/h08.wav,JK,happy,08,2.58281179138322,male
395,SAVEE,clean/SAVEE/Data/AudioData/JK/f13.wav,JK,fearful,13,3.1131972789115645,male
396,SAVEE,clean/SAVEE/Data/AudioData/JK/f07.wav,JK,fearful,07,4.213832199546485,male
397,SAVEE,clean/SAVEE/Data/AudioData/JK/n26.wav,JK,neutral,26,2.908843537414966,male
